id,claim,evidence,normal_2,fraud_2,fraud_3
B1,"Order to cash is one chain: each order item has one delivery, one goods issue and one invoice","VBFA C->J, C->R, C->M","delivery 100.0 %, goods issue 100.0 %, invoice 100.0 % of 6242 items","delivery 100.0 %, goods issue 100.0 %, invoice 100.0 % of 6755 items","delivery 100.0 %, goods issue 100.0 %, invoice 100.0 % of 7031 items"
B2,"Orders are always delivered in full (no partial deliveries, no backorders)",VBFA delivered qty vs VBAP.KWMENG,100.0 % delivered in full; 0 short,100.0 % delivered in full; 0 short,100.0 % delivered in full; 0 short
B3,Delivery is immediate: goods leave the DC in the same tick as the order,VBFA goods-issue time vs VBAK time,100.0 % issued within 15 s of the order (max 12 s),100.0 % issued within 15 s of the order (max 5 s),100.0 % issued within 15 s of the order (max 4 s)
B4,A customer order is clipped to the stock available at the DC; excess demand is lost,DC stock path at each sale (MSEG 301/601),16 of 2914 sales leave the DC at exactly 0; their median qty 320 vs 482 overall,4 of 2437 sales leave the DC at exactly 0; their median qty 270 vs 450 overall,6 of 2534 sales leave the DC at exactly 0; their median qty 324 vs 428 overall
B5,Each customer is served by one fixed DC,MSEG 601 LGORT per customer,100.0 % of 71 customers served by exactly one DC,100.0 % of 69 customers served by exactly one DC,100.0 % of 71 customers served by exactly one DC
B6,Purchasing is driven by requisitions converted to POs,EBAN.EBELN,98.4 % of 258 requisitions converted to a PO,100.0 % of 251 requisitions converted to a PO,100.0 % of 234 requisitions converted to a PO
B7,Supplier delivers the full PO quantity,MSEG 101 per PO item vs EKPO.MENGE,100.0 % of 254 PO items received in full,100.0 % of 255 PO items received in full,"96.7 % of 241 PO items received in full; not in full: PO 4500000079 (created day 237, last played day 240), PO 4500000080 (created day 237, last played day 240)"
B8,Split receipts happen only in scrap events (quality disruption signature),MSEG 101 documents per PO item vs label file,3 POs with split receipts; 3 of them are scrap-labelled (3 scrap POs in total),3 POs with split receipts; 2 of them are scrap-labelled (2 scrap POs in total),1 POs with split receipts; 1 of them are scrap-labelled (1 scrap POs in total)
B9,Invoices match receipts (no financial side-effects on the material flow),EKBE VGABE 1 vs 2,100.0 % of received PO items invoiced for the received qty,n/a (EKBE layout differs in this run),n/a (EKBE layout differs in this run)
B10,Production orders deliver their full quantity,AUFM 101 vs AFKO.GAMNG,"100.0 % of 78 orders received in full; 0 incomplete, of which 0 released in the last 5 played days (open at game end)","95.3 % of 85 orders received in full; 4 incomplete, of which 4 released in the last 5 played days (open at game end)","89.4 % of 94 orders received in full; 10 incomplete, of which 10 released in the last 5 played days (open at game end)"
B11,Components are consumed per BOM (recipe may change during the game),AUFM 261 vs BOM x AFKO.GAMNG; per-order consumption ratios,"35 of 37 AA-F12 orders consume exactly the final master-data BOM x qty; 3 distinct consumption recipes, 3 changes in order sequence","19 of 29 AA-F12 orders consume exactly the final master-data BOM x qty; 3 distinct consumption recipes, 3 changes in order sequence","30 of 30 AA-F12 orders consume exactly the final master-data BOM x qty; 3 distinct consumption recipes, 3 changes in order sequence"
B12,"Production is a daily flow of at most 24,000 units per tick (apart from batched catch-up postings)",AUFM 101 per tick and per second,"output <= 24,000 in 117 of 122 output ticks without batched postings; 3 ticks contain batched catch-up postings (>= 3 orders in one second); issue and output on the same ticks for 73.1 % of orders","output <= 24,000 in 133 of 140 output ticks without batched postings; 0 ticks contain batched catch-up postings (>= 3 orders in one second); issue and output on the same ticks for 74.7 % of orders","output <= 24,000 in 130 of 135 output ticks without batched postings; 3 ticks contain batched catch-up postings (>= 3 orders in one second); issue and output on the same ticks for 65.5 % of orders"
B13,All products share one production line (work centre),AFKO.PLNNR -> PLPO.ARBID,AA-F12: [10000000]; AA-F15: [10000000]; AA-F16: [10000000],AA-F12: [10000000]; AA-F13: [10000000]; AA-F15: [10000000]; AA-F16: [10000000],AA-F12: [10000000]; AA-F15: [10000000]; AA-F16: [10000000]
B14,"Distribution is plant -> DC only, as instantaneous transfers (no DC -> DC, no returns)",MSEG 301 legs per document,all 64 transfer documents move stock plant -> DC in one posting: True; DC -> plant quantity 0,all 51 transfer documents move stock plant -> DC in one posting: True; DC -> plant quantity 0,all 57 transfer documents move stock plant -> DC in one posting: True; DC -> plant quantity 0
B15,The product network is closed: produced = transferred = sold + closing stock,"MSEG totals, MARD closing stock, VBAP","produced 1,391,000 = to DCs 1,391,000 = sold 1,391,000 + closing stock 0 (residual 0); sold vs ordered +0; other movement types []","produced 1,100,000 = to DCs 1,100,000 = sold 1,097,662 + closing stock 2,338 (residual 0); sold vs ordered +0; other movement types []","produced 1,131,000 = to DCs 1,131,000 = sold 1,128,698 + closing stock 2,302 (residual 0); sold vs ordered +0; other movement types []"
B16,The game starts with empty stock; all stock enters through recorded receipts,"cumulative stock paths, chronological",lowest cumulative stock over 9 material-location paths: 0,lowest cumulative stock over 9 material-location paths: 0,lowest cumulative stock over 9 material-location paths: 0
B17,"Observed production pause: longest gap between production starts, and whether orders were planned inside it","AUFM starts, JCDS I0001",longest gap between AA-F12 production starts: 52 days (day 171 -> 223); production orders of any product created inside it: 7,longest gap between AA-F12 production starts: 60 days (day 23 -> 83); production orders of any product created inside it: 20,longest gap between AA-F12 production starts: 25 days (day 100 -> 125); production orders of any product created inside it: 8
