set,policy,lost_days,lost_units,violation,added_inv_days,added_inv_eur,acted
normal 2 held-out,players (no response),2.2635664471656223,17436.672023099843,0.2475,0.0,0.0,0.0
normal 2 held-out,always po5,2.2632403796910254,17434.307023099842,0.2475,2.839014499291195,53927.53439069256,1.0
normal 2 held-out,always po10,2.2619119519095916,17423.934523099844,0.2475,9.626218738881478,181316.50305335538,1.0
normal 2 held-out,always fg,2.1868623051807123,16868.917023099842,0.2625,3.316975819652462,62653.04541507201,1.0
normal 2 held-out,always ship,2.4948579014499743,19273.3020164113,0.26,-0.010759728600710368,-145.6762333339342,1.0
normal 2 held-out,always prio,2.3327774673993145,17929.999523099843,0.25,0.018748011165722635,266.0156257061228,1.0
normal 2 held-out,always fg+prio,2.3777904275609574,18379.084523099842,0.285,3.392576100236645,64037.379614330974,1.0
normal 2 held-out,always po10+fg+prio,2.3463981422483315,18120.08702309984,0.275,12.708715677619574,237723.30678416358,1.0
normal 2 held-out,type-rule (Phase E table),2.1099634942640675,16342.001665505639,0.2,6.590530506028789,124405.67190032583,1.0
normal 2 held-out,point-L2 (no conformal margin),1.9739881456509318,15240.247192346424,0.195,0.6279056191743213,12066.300216637896,0.255
normal 2 held-out,"**L2 (conformal, risk-constrained)**",1.9870120825775768,15359.335030816272,0.1975,1.29073160727888,25089.699296769806,0.335
normal 2 held-out,oracle (knows outcomes),1.90686638866814,14729.573766546273,0.1925,0.20050699856626014,3958.09578237139,0.3575
fraud 2,players (no response),1.431972885489021,7650.638176509446,0.2095,0.0,0.0,0.0
fraud 2,always po5,1.2563193937006767,6897.880076798899,0.176,2.706583761972309,34519.34197984272,1.0
fraud 2,always po10,1.0469822278368637,5952.802572629961,0.1255,11.22732466434175,146328.6389681714,1.0
fraud 2,always fg,1.3025357524124819,7266.2023736605115,0.1805,4.758699523232268,65283.402111858755,1.0
fraud 2,always ship,1.588218119847441,8496.703046201308,0.2725,-0.006080349236330663,-131.7530429221475,1.0
fraud 2,always prio,1.4387260948055964,7690.879676509446,0.21,0.029558459710669702,455.4144939258332,1.0
fraud 2,always fg+prio,1.3254541553590333,7400.596873660511,0.183,4.914811766458663,67431.45874893042,1.0
fraud 2,always po10+fg+prio,1.2229634387518544,6956.826356308761,0.1505,15.497574610293759,203804.37120782083,1.0
fraud 2,type-rule (Phase E table),1.3101547057908665,7292.839106038805,0.177,8.487203077303128,111306.9602291956,1.0
fraud 2,point-L2 (no conformal margin),1.4950031177701484,8038.10828032841,0.2145,0.9927156991114389,13382.118657542196,0.206
fraud 2,"**L2 (conformal, risk-constrained)**",1.4664520605739058,7910.69985642461,0.2135,1.990732027532673,26218.314558617454,0.3455
fraud 2,oracle (knows outcomes),1.0422954475494117,5916.05086965088,0.122,0.792309812520427,9048.838549540378,0.2915
fraud 3,players (no response),0.6591701417103109,4287.955873980105,0.091,0.0,0.0,0.0
fraud 3,always po5,0.6590616452505026,4287.434873980105,0.091,8.096090502427272,98933.53881537983,1.0
fraud 3,always po10,0.6590616452505026,4287.434873980105,0.091,23.96197183616503,291117.52770834503,1.0
fraud 3,always fg,0.7084031352984065,4526.421873980105,0.0905,5.670114709564361,66151.27715720692,1.0
fraud 3,always ship,0.7023489623563283,4908.027267878015,0.106,-0.06916969948311272,-684.5235047117435,1.0
fraud 3,always prio,0.6722134243133127,4419.778873980105,0.0915,0.13492498669477693,1640.3904182073343,1.0
fraud 3,always fg+prio,0.7009627148806703,4606.004373980105,0.0895,5.965987588925259,69702.75514094111,1.0
fraud 3,always po10+fg+prio,0.7009627148806703,4606.004373980105,0.0895,28.547017789816127,341778.7255917592,1.0
fraud 3,type-rule (Phase E table),0.7073122980489209,4545.3345303730985,0.0965,16.69606997713289,203004.96870713567,1.0
fraud 3,point-L2 (no conformal margin),0.667082202409214,4318.108851310751,0.0885,1.3635569852108285,15851.71304766425,0.24
fraud 3,"**L2 (conformal, risk-constrained)**",0.6827344910792702,4382.814083680628,0.09,2.7748245300576935,33579.47631652973,0.5375
fraud 3,oracle (knows outcomes),0.6006807389909508,4016.0655278325257,0.0795,0.01115204279851494,694.9805342976388,0.297
STRESS,players (no response),1.5196992815336499,9468.944722222222,0.32611111111111113,0.0,0.0,0.0
STRESS,always po5,1.4463293985117627,9135.923611111111,0.3194444444444444,4.99960834815528,68060.0883949204,1.0
STRESS,always po10,1.3526527745810601,8734.751944444444,0.3088888888888889,16.21581060081047,221089.99404372374,1.0
STRESS,always fg,1.395372276959659,8950.474444444444,0.32,4.405698675877381,61271.24759327487,1.0
STRESS,always ship,1.3999990693558575,8651.572983489412,0.335,-0.15381451553594214,-2595.2038871251607,1.0
STRESS,always prio,1.5290886221097124,9538.444722222222,0.32666666666666666,0.08638939903330949,1271.8204508583335,1.0
STRESS,always fg+prio,1.4329944080337287,9267.811666666666,0.32944444444444443,4.601116070571449,63995.75250164862,1.0
STRESS,always po10+fg+prio,1.3830902620831567,9008.296666666667,0.32222222222222224,20.268359334054935,276185.85413033236,1.0
STRESS,type-rule (Phase E table),1.2940439397402927,8015.645922335343,0.29944444444444446,7.460049516436054,102249.71043461101,1.0
STRESS,point-L2 (no conformal margin),1.2858382441206464,7832.621689160743,0.3011111111111111,0.6055340075150235,6856.65327314934,0.36444444444444446
STRESS,"**L2 (conformal, risk-constrained)**",1.3012158089611705,7895.949397466577,0.31,1.8015913080580923,24418.02231161375,0.5766666666666667
STRESS,oracle (knows outcomes),1.0212284480408276,6467.285461544715,0.255,0.5524904162970451,6596.643066219614,0.3238888888888889
