L*,set,policy,lost_days,lost_units,violation,added_inv_days,added_inv_eur,acted
0.25,normal 2 held-out,players,2.2635664471656223,17436.672023099843,0.34,0.0,0.0,0.0
0.25,normal 2 held-out,L2,1.9611203712593124,15193.003018880316,0.2625,1.7162643857427056,33541.72757746322,0.495
0.25,normal 2 held-out,point-L2,1.9485253210457063,15073.775760074563,0.255,0.8829255481976623,16944.04483660715,0.375
0.25,normal 2 held-out,oracle,1.9059241196320627,14721.021266546273,0.2425,0.20989077634842476,4186.163443161858,0.3575
0.25,fraud 2,players,1.431972885489021,7650.638176509446,0.289,0.0,0.0,0.0
0.25,fraud 2,L2,1.4283017768697888,7767.17408748937,0.284,3.4599101430656485,45381.67048602572,0.5475
0.25,fraud 2,point-L2,1.4650708990444035,7915.918741865505,0.2915,2.076769410650221,27928.629386397704,0.4415
0.25,fraud 2,oracle,1.008238235616731,5743.3930095113665,0.1775,1.4667065072328191,17870.15397471144,0.339
0.25,fraud 3,players,0.6591701417103109,4287.955873980105,0.1125,0.0,0.0,0.0
0.25,fraud 3,L2,0.6827344910792702,4382.814083680628,0.113,9.764507274712162,111464.3828514528,0.772
0.25,fraud 3,point-L2,0.667873338531829,4321.801789059498,0.108,3.5699782711565966,40932.1180846686,0.577
0.25,fraud 3,oracle,0.5950261624410816,3965.620568654284,0.0895,0.025397260445068875,880.3430188548242,0.293
0.25,STRESS,players,1.5196992815336499,9468.944722222222,0.37666666666666665,0.0,0.0,0.0
0.25,STRESS,L2,1.2949265133843597,7873.446064133243,0.36833333333333335,4.283776592724963,53123.05684862467,0.6677777777777778
0.25,STRESS,point-L2,1.2961254264075182,7850.169646572864,0.3655555555555556,1.5976201580333311,20287.370594119082,0.5677777777777778
0.25,STRESS,oracle,1.015739471736169,6439.400000551026,0.3233333333333333,0.677034121214006,8231.678394457489,0.33166666666666667
0.5,normal 2 held-out,players,2.2635664471656223,17436.672023099843,0.29,0.0,0.0,0.0
0.5,normal 2 held-out,L2,1.966711681321916,15231.509587236462,0.23,1.5293677650486017,29960.2248067425,0.4175
0.5,normal 2 held-out,point-L2,1.9552153912039034,15121.109597033392,0.2225,0.6908420286063516,13318.468559158873,0.3075
0.5,normal 2 held-out,oracle,1.9059241196320627,14721.021266546273,0.2175,0.20989077634842476,4186.163443161858,0.3575
0.5,fraud 2,players,1.431972885489021,7650.638176509446,0.2555,0.0,0.0,0.0
0.5,fraud 2,L2,1.46096369595225,7892.673162303451,0.258,2.671532239648073,35454.42008268609,0.4115
0.5,fraud 2,point-L2,1.4800629946982067,7973.881676650584,0.2575,1.5522793181455043,20478.802604152206,0.299
0.5,fraud 2,oracle,1.0167377836467968,5783.723139981933,0.153,1.2366204572310817,14907.649980490567,0.3195
0.5,fraud 3,players,0.6591701417103109,4287.955873980105,0.1025,0.0,0.0,0.0
0.5,fraud 3,L2,0.6827344910792702,4382.814083680628,0.1025,6.172618788086363,73057.25230280569,0.6235
0.5,fraud 3,point-L2,0.6679190015931479,4322.018789059498,0.097,2.3832905543768703,26997.548755217544,0.376
0.5,fraud 3,oracle,0.5951602077648149,3966.2330686542837,0.086,0.02319985588453497,855.1498720673244,0.293
0.5,STRESS,players,1.5196992815336499,9468.944722222222,0.35888888888888887,0.0,0.0,0.0
0.5,STRESS,L2,1.3012158089611705,7895.949397466577,0.3488888888888889,3.4686271245676306,44023.83395844241,0.5883333333333334
0.5,STRESS,point-L2,1.2952992984977685,7841.793863158981,0.34444444444444444,1.0871365899493972,13142.56090706911,0.4638888888888889
0.5,STRESS,oracle,1.0172425831232044,6446.071667217693,0.29888888888888887,0.6297695390594721,7649.635390983437,0.3277777777777778
1.0,normal 2 held-out,players,2.2635664471656223,17436.672023099843,0.2475,0.0,0.0,0.0
1.0,normal 2 held-out,L2,1.9870120825775768,15359.335030816272,0.1975,1.29073160727888,25089.699296769806,0.335
1.0,normal 2 held-out,point-L2,1.9739881456509318,15240.247192346424,0.195,0.6279056191743213,12066.300216637896,0.255
1.0,normal 2 held-out,oracle,1.90686638866814,14729.573766546273,0.1925,0.20050699856626014,3958.09578237139,0.3575
1.0,fraud 2,players,1.431972885489021,7650.638176509446,0.2095,0.0,0.0,0.0
1.0,fraud 2,L2,1.4664520605739058,7910.69985642461,0.2135,1.990732027532673,26218.314558617454,0.3455
1.0,fraud 2,point-L2,1.4950031177701484,8038.10828032841,0.2145,0.9927156991114389,13382.118657542196,0.206
1.0,fraud 2,oracle,1.0422954475494117,5916.05086965088,0.122,0.792309812520427,9048.838549540378,0.2915
1.0,fraud 3,players,0.6591701417103109,4287.955873980105,0.091,0.0,0.0,0.0
1.0,fraud 3,L2,0.6827344910792702,4382.814083680628,0.09,2.7748245300576935,33579.47631652973,0.5375
1.0,fraud 3,point-L2,0.667082202409214,4318.108851310751,0.0885,1.3635569852108285,15851.71304766425,0.24
1.0,fraud 3,oracle,0.6006807389909508,4016.0655278325257,0.0795,0.01115204279851494,694.9805342976388,0.297
1.0,STRESS,players,1.5196992815336499,9468.944722222222,0.32611111111111113,0.0,0.0,0.0
1.0,STRESS,L2,1.3012158089611705,7895.949397466577,0.31,1.8015913080580923,24418.02231161375,0.5766666666666667
1.0,STRESS,point-L2,1.2858382441206464,7832.621689160743,0.3011111111111111,0.6055340075150235,6856.65327314934,0.36444444444444446
1.0,STRESS,oracle,1.0212284480408276,6467.285461544715,0.255,0.5524904162970451,6596.643066219614,0.3238888888888889
2.0,normal 2 held-out,players,2.2635664471656223,17436.672023099843,0.1875,0.0,0.0,0.0
2.0,normal 2 held-out,L2,2.030351732905737,15629.765047669336,0.165,1.0175196544022602,19466.634638961426,0.245
2.0,normal 2 held-out,point-L2,2.030243078174311,15599.222291345743,0.1675,0.5557455834850229,10516.345899979766,0.185
2.0,normal 2 held-out,oracle,1.9147049116537898,14792.34287782642,0.165,0.17600533330165696,3443.458519716246,0.3575
2.0,fraud 2,players,1.431972885489021,7650.638176509446,0.156,0.0,0.0,0.0
2.0,fraud 2,L2,1.4821616212736326,7972.779682735559,0.159,1.124794587266092,14641.019680458961,0.1905
2.0,fraud 2,point-L2,1.498829937626842,8048.340176509446,0.1615,0.8715087700096529,11707.56687263195,0.159
2.0,fraud 2,oracle,1.088922058850858,6132.783946476063,0.089,0.4506834019385675,4746.863851494235,0.2625
2.0,fraud 3,players,0.6591701417103109,4287.955873980105,0.0735,0.0,0.0,0.0
2.0,fraud 3,L2,0.6829852937395854,4384.071780040596,0.074,1.5307297237926234,18975.270551459125,0.196
2.0,fraud 3,point-L2,0.6698947861098068,4336.008251543059,0.0715,1.122788130649706,13134.877018534646,0.1685
2.0,fraud 3,oracle,0.6072453981079543,4071.1680085884204,0.0635,-0.0026044734104833937,512.5510085610082,0.2995
2.0,STRESS,players,1.5196992815336499,9468.944722222222,0.25055555555555553,0.0,0.0,0.0
2.0,STRESS,L2,1.3466591654359379,8213.452106356837,0.24666666666666667,0.9754157666579123,12553.952261063965,0.3383333333333333
2.0,STRESS,point-L2,1.4206685777371524,8680.811322893764,0.25555555555555554,0.04848469177983189,719.6080040783565,0.09333333333333334
2.0,STRESS,oracle,1.0307169786272523,6509.9331841098065,0.19722222222222222,0.4268887614583841,5253.889516527057,0.31
4.0,normal 2 held-out,players,2.2635664471656223,17436.672023099843,0.15,0.0,0.0,0.0
4.0,normal 2 held-out,L2,2.072579315405429,15950.103808525742,0.1375,0.5701082624994125,11382.930570630775,0.1725
4.0,normal 2 held-out,point-L2,2.068287497625903,15902.417023099842,0.1375,0.42139323878333174,7879.235069059357,0.135
4.0,normal 2 held-out,oracle,1.926687031458026,14890.230026562405,0.1375,0.12360761481820087,2378.2186762167935,0.35
4.0,fraud 2,players,1.431972885489021,7650.638176509446,0.1055,0.0,0.0,0.0
4.0,fraud 2,L2,1.4970970463038524,8026.657917759089,0.112,0.7815347832416331,10446.34184390061,0.1285
4.0,fraud 2,point-L2,1.4994620019543539,8047.576176509446,0.112,0.7491132095285586,10290.990004934032,0.132
4.0,fraud 2,oracle,1.1822709139868184,6545.843524728585,0.067,0.22335277683646831,2225.6635952081633,0.2335
4.0,fraud 3,players,0.6591701417103109,4287.955873980105,0.05,0.0,0.0,0.0
4.0,fraud 3,L2,0.6829874920916886,4377.787373980105,0.048,1.1773524773508568,14153.140700881724,0.1525
4.0,fraud 3,point-L2,0.6702103442652226,4333.69510430289,0.048,0.9459644081495273,10734.848522244896,0.132
4.0,fraud 3,oracle,0.6162220711792273,4113.19450858842,0.0445,-0.04366503700328773,34.3136653135079,0.2955
4.0,STRESS,players,1.5196992815336499,9468.944722222222,0.15333333333333332,0.0,0.0,0.0
4.0,STRESS,L2,1.5196992815336499,9468.944722222222,0.15333333333333332,0.00038740016576435,10.096084814814967,0.0022222222222222222
4.0,STRESS,point-L2,1.5196992815336499,9468.944722222222,0.15333333333333332,0.0,0.0,0.0
4.0,STRESS,oracle,1.0545647445810793,6645.182931808915,0.10111111111111111,0.31037895303791074,3334.202815535582,0.29388888888888887
