variant,set,policy,lost_days,lost_units,violation,added_inv_days,added_inv_eur,acted
LOYO (built on the other two years),normal_2,players (no response),1.934413712916166,14563.123092899907,0.223,0.0,0.0,0.0
LOYO (built on the other two years),normal_2,best fixed action in hindsight (fg),1.8658615312757816,14093.841092899907,0.2285,3.3157887896903593,61939.07704537763,1.0
LOYO (built on the other two years),normal_2,type-rule,1.9328074929619223,14550.460092899908,0.223,9.901341283274673,185101.7382427922,1.0
LOYO (built on the other two years),normal_2,L2,1.975568939711777,14925.134750731308,0.224,2.678084777718559,54922.17257063903,0.5035
LOYO (built on the other two years),normal_2,oracle,1.6023535134167446,12103.61518864227,0.165,0.1794583638457991,3328.016147833838,0.34
LOYO (built on the other two years),fraud_2,players (no response),1.431972885489021,7650.638176509446,0.2095,0.0,0.0,0.0
LOYO (built on the other two years),fraud_2,best fixed action in hindsight (po10),1.0469822278368637,5952.802572629961,0.1255,11.22732466434175,146328.6389681714,1.0
LOYO (built on the other two years),fraud_2,type-rule,1.3101547057908665,7292.839106038805,0.177,8.487203077303128,111306.9602291956,1.0
LOYO (built on the other two years),fraud_2,L2,1.4603170911985588,7827.366744692591,0.214,0.9928692724605205,12586.487287884365,0.1905
LOYO (built on the other two years),fraud_2,oracle,1.0422954475494117,5916.05086965088,0.122,0.792309812520427,9048.838549540378,0.2915
adapted (normal 2 + 400 target episodes),fraud_2,players (no response),1.401218577653305,7485.046705518846,0.210625,0.0,0.0,0.0
adapted (normal 2 + 400 target episodes),fraud_2,best fixed action in hindsight (po10),1.0184734408512888,5796.630753484198,0.126875,11.270185934775249,146517.7532132871,1.0
adapted (normal 2 + 400 target episodes),fraud_2,type-rule,1.1150853514015977,6339.578878484198,0.140625,11.010945672165226,144041.25880994266,1.0
adapted (normal 2 + 400 target episodes),fraud_2,L2,1.1905042214487653,6656.826414655124,0.164375,4.811777341005534,59678.80471744805,0.523125
adapted (normal 2 + 400 target episodes),fraud_2,oracle,1.0134284631172306,5757.464282971968,0.1225,0.8069099572399487,9256.0284708282,0.2875
"built on normal 2 (same 1,600 episodes)",fraud_2,players (no response),1.401218577653305,7485.046705518846,0.210625,0.0,0.0,0.0
"built on normal 2 (same 1,600 episodes)",fraud_2,best fixed action in hindsight (po10),1.0184734408512888,5796.630753484198,0.126875,11.270185934775249,146517.7532132871,1.0
"built on normal 2 (same 1,600 episodes)",fraud_2,type-rule,1.2781152715651274,7126.152314327639,0.176875,8.472073234464272,110659.89874777304,1.0
"built on normal 2 (same 1,600 episodes)",fraud_2,L2,1.4389689597599449,7754.667793546293,0.215625,2.0584603829521884,27148.300122607918,0.353125
"built on normal 2 (same 1,600 episodes)",fraud_2,oracle,1.0134284631172306,5757.464282971968,0.1225,0.8069099572399487,9256.0284708282,0.2875
LOYO (built on the other two years),fraud_3,players (no response),0.6591701417103109,4287.955873980105,0.091,0.0,0.0,0.0
LOYO (built on the other two years),fraud_3,best fixed action in hindsight (po5),0.6590616452505026,4287.434873980105,0.091,8.096090502427272,98933.53881537983,1.0
LOYO (built on the other two years),fraud_3,type-rule,0.6590616452505026,4287.434873980105,0.091,23.96197183616503,291117.52770834503,1.0
LOYO (built on the other two years),fraud_3,L2,0.6562173419546204,4283.988373980105,0.085,8.510882914953887,116516.13737516037,0.587
LOYO (built on the other two years),fraud_3,oracle,0.6006807389909508,4016.0655278325257,0.0795,0.01115204279851494,694.9805342976388,0.297
adapted (normal 2 + 400 target episodes),fraud_3,players (no response),0.6631936333065124,4319.499002575056,0.08875,0.0,0.0,0.0
adapted (normal 2 + 400 target episodes),fraud_3,best fixed action in hindsight (none),0.6631936333065124,4319.499002575056,0.08875,0.0,0.0,0.0
adapted (normal 2 + 400 target episodes),fraud_3,type-rule,0.709587051931465,4575.684734678009,0.09375,16.96349478435381,206211.06559861146,1.0
adapted (normal 2 + 400 target episodes),fraud_3,L2,0.6716558182059339,4372.693503300677,0.085,1.5948367209496572,20242.271946594286,0.18375
adapted (normal 2 + 400 target episodes),fraud_3,oracle,0.6080940661796588,4065.1411059159464,0.07625,0.005692857478343325,632.4010573446013,0.303125
"built on normal 2 (same 1,600 episodes)",fraud_3,players (no response),0.6631936333065124,4319.499002575056,0.08875,0.0,0.0,0.0
"built on normal 2 (same 1,600 episodes)",fraud_3,best fixed action in hindsight (none),0.6631936333065124,4319.499002575056,0.08875,0.0,0.0,0.0
"built on normal 2 (same 1,600 episodes)",fraud_3,type-rule,0.709587051931465,4575.684734678009,0.09375,16.96349478435381,206211.06559861146,1.0
"built on normal 2 (same 1,600 episodes)",fraud_3,L2,0.6876435848858238,4421.135065332526,0.086875,2.677351760395527,32477.04501799579,0.5325
"built on normal 2 (same 1,600 episodes)",fraud_3,oracle,0.6080940661796588,4065.1411059159464,0.07625,0.005692857478343325,632.4010573446013,0.303125
