,normal 2 held-out,fraud 2,fraud 3,STRESS
type_E1,0.044562285707119204,0.04011460459028883,0.029120008122034524,0.017490761823321533
type_E2,0.03587041985816199,0.038517445428234515,0.028058641037912672,0.05941496775613303
type_E3,0.097501440193,0.093398375969177,0.06473533346155423,0.04793612172172917
type_E4,0.027529054388548205,0.020663943031111843,0.025409632794607326,0.03196405460910844
type_E5,0.03018615075826876,0.03055574163925791,0.02249316888816379,0.011403336495411986
e1_rel,0.0005997732939970479,0.0007015989900399536,0.0004776967350728126,0.0002314857726893495
e2_share,0.0004183975922948411,0.0005035554342827342,0.0003917061022249449,0.0007255808200222141
e2_allfood,0.0,0.0,0.0,0.0
e3_days,1.1798473434911598,1.066952310815428,0.8759696496778936,0.5825389830367279
e4_factor,0.21428981273237757,0.18029317986242618,0.19929145085167366,0.574346271961801
e5_days,0.01499406646472955,0.018392196359967843,0.013781813372554958,0.008180186782542608
cover_AA-R01,0.051906345653063825,0.06667401537186857,0.04209805035969296,0.05690742856246745
cover_AA-R02,0.0255186458182835,0.041509771856460154,0.028915006292961495,0.02976978311785369
cover_AA-R03,0.010450950296189173,0.014340678167262744,0.00830180241932817,0.00938033610120929
cover_AA-R04,0.0034671745587648473,0.003409242706746459,0.003518900047476475,0.002824114801106598
cover_AA-R05,0.013046540025479877,0.02357840607957735,0.01887416826659691,0.01420347463879282
cover_AA-R06,0.013518448722088785,0.013455122293149905,0.013729566313988912,0.010108687568094606
cover_AA-P01,0.012503599168110056,0.012437474456613138,0.011993918288483023,0.004750902058118525
cover_AA-P02,0.0016414208105124941,0.002108493080787814,0.002174751381313378,0.0013875096773661492
min_cover_f12_components,0.009830640888456074,0.01264082815655671,0.010326123583489501,0.008713250495013536
queue_f12_days,0.007857352722496713,0.0066452983324960515,0.0070029441093150055,0.015607107492958424
queue_other_line_days,0.02011166600670982,0.016063700214067916,0.01577445442187087,0.012557297424565815
queue_orders,0.0017239098764005214,0.0015642614690908614,0.001373130846729479,0.0010284566098566603
head_blocked,0.0009289443006520491,0.0016203758292471287,0.0015068837522751203,0.0012557245505175215
head_is_f12,0.004021865273791804,0.0025321312476783075,0.002894228699528217,0.0013259792755875533
changeover_line_days,0.00041182845934753466,0.00030819626810589984,0.0002882559748002813,0.0004034985391855803
plant_days,0.04147552753100702,0.03070101822829487,0.05437474601694331,0.031280389704732715
dc_cover_North,0.2283589447153628,0.16948387440458446,0.18776782022320457,0.15230159209360208
dc_cover_South,0.02011480739161184,0.0363012929350849,0.03384908142333691,0.03505464087342188
dc_cover_West,0.076516912182793,0.07978593112227428,0.056696819915654756,0.12203433666472081
dc_min_cover,0.005473360720336826,0.004951664824897574,0.004768518681826259,0.005778287288862998
fg_cover,0.40836646903248847,0.4140142303438829,0.3429336700334068,0.21625706963785465
lost_20d_days,0.0,0.0,0.0,0.0
backlog_days,0.00029870886403021886,0.00024204701384175043,0.00013183636217533267,0.0002434358149794809
