set,policy,n,service,service_lo,worst_type,worst_lo,harm,harm_hi,added_inv_eur
"normal 2, independent certification sample",players (no response),2000,0.776,0.7570804228697326,E3,0.20101490456414914,0.0,0.0018427397934059364,0.0
"normal 2, independent certification sample",L2 (black box),2000,0.8265,0.8091788576979099,E3,0.2080960657981234,0.023,0.030560637865280068,18752.40855862505
"normal 2, independent certification sample","**tree (explainable, certified)**",2000,0.8005,0.7823010304947565,E3,0.2128265137944606,0.0135,0.019581403564719605,21316.526605011535
fraud 2,players (no response),2000,0.7905,0.7719952367196227,E3,0.4086349383218635,0.0,0.0018427397934059364,0.0
fraud 2,L2 (black box),2000,0.7865,0.767877506914278,E3,0.3789725263310034,0.0615,0.0729374613170472,26218.314558617454
fraud 2,"**tree (explainable, certified)**",2000,0.7885,0.7699360510164842,E3,0.3987272352233498,0.0595,0.07077953726883711,22851.826254800082
fraud 3,players (no response),2000,0.909,0.8955380894478929,E3,0.4811808739069696,0.0,0.0018427397934059364,0.0
fraud 3,L2 (black box),2000,0.91,0.8965989653996466,E3,0.48888879397206214,0.033,0.041794545821020095,33579.47631652973
fraud 3,"**tree (explainable, certified)**",2000,0.9095,0.8960684698229154,E3,0.4837488663576434,0.034,0.042905884883076235,33382.33046241628
STRESS,players (no response),1800,0.6738888888888889,0.6516844124412583,E4,0.3432818666061727,0.0,0.0020472789343030334,0.0
STRESS,L2 (black box),1800,0.69,0.6680595309188344,E4,0.3751760805237823,0.02388888888888889,0.03204441124243862,24418.02231161375
STRESS,"**tree (explainable, certified)**",1800,0.6794444444444444,0.6573276666838221,E4,0.354263060434679,0.0044444444444444444,0.008738450629578464,-971.3253100924212
"fraud 2, other 1,600 episodes",players (no response),1600,0.789375,0.7685608400198798,E3,0.42047358692492864,0.0,0.0023028939205774358,0.0
"fraud 2, other 1,600 episodes",tree built on normal 2,1600,0.785625,0.7646889128755732,E3,0.4024796469139083,0.060625,0.07345912805123155,24082.949444803515
"fraud 2, other 1,600 episodes",**adapted tree**,1600,0.85875,0.8407143042050358,E3,0.3935099097658675,0.0575,0.07005508090708831,83591.95437514744
"fraud 3, other 1,600 episodes",players (no response),1600,0.91125,0.8962372336017257,E3,0.47670538871045515,0.0,0.0023028939205774358,0.0
"fraud 3, other 1,600 episodes",tree built on normal 2,1600,0.913125,0.8982420166299072,E3,0.486531408113741,0.031875,0.04169854182581011,32834.411760170595
"fraud 3, other 1,600 episodes",**adapted tree**,1600,0.91375,0.898910699467754,E3,0.4898115815416105,0.026875,0.0360310878409981,6401.591588786002
