case,ok,max_trace_diff,max_feature_diff,action
switches: none,True,0.0,0.0,0
switches: all five,True,7.275957614183426e-12,0.0,0
"E1,41,0.75 tree",True,0.0,0.0,2
"E1,41,0.75 action 0",True,0.0,0.0,0
"E1,41,0.75 action 1",True,0.0,0.0,1
"E1,41,0.75 action 2",True,0.0,0.0,2
"E1,41,0.75 action 3",True,0.0,0.0,3
"E1,41,0.75 action 4",True,0.0,0.0,4
"E1,41,0.75 action 5",True,0.0,0.0,5
"E1,41,0.75 action 6",True,0.0,0.0,6
"E1,41,0.75 action 7",True,0.0,0.0,7
"E2,41,0.041 tree",True,0.0,0.0,2
"E2,41,0.041 action 0",True,0.0,0.0,0
"E2,41,0.041 action 1",True,0.0,0.0,1
"E2,41,0.041 action 2",True,0.0,0.0,2
"E2,41,0.041 action 3",True,0.0,0.0,3
"E2,41,0.041 action 4",True,0.0,0.0,4
"E2,41,0.041 action 5",True,0.0,0.0,5
"E2,41,0.041 action 6",True,0.0,0.0,6
"E2,41,0.041 action 7",True,0.0,0.0,7
"E3,41,10 tree",True,0.0,0.0,7
"E3,41,10 action 0",True,0.0,0.0,0
"E3,41,10 action 1",True,0.0,0.0,1
"E3,41,10 action 2",True,0.0,0.0,2
"E3,41,10 action 3",True,0.0,0.0,3
"E3,41,10 action 4",True,0.0,0.0,4
"E3,41,10 action 5",True,0.0,0.0,5
"E3,41,10 action 6",True,0.0,0.0,6
"E3,41,10 action 7",True,0.0,0.0,7
"E4,41,1.19 tree",True,1.0913936421275139e-11,0.0,2
"E4,41,1.19 action 0",True,1.0913936421275139e-11,0.0,0
"E4,41,1.19 action 1",True,1.0913936421275139e-11,0.0,1
"E4,41,1.19 action 2",True,1.0913936421275139e-11,0.0,2
"E4,41,1.19 action 3",True,1.0913936421275139e-11,0.0,3
"E4,41,1.19 action 4",True,1.0913936421275139e-11,0.0,4
"E4,41,1.19 action 5",True,1.0913936421275139e-11,0.0,5
"E4,41,1.19 action 6",True,1.0913936421275139e-11,0.0,6
"E4,41,1.19 action 7",True,1.0913936421275139e-11,0.0,7
"E5,41,4 tree",True,0.0,0.0,2
"E5,41,4 action 0",True,0.0,0.0,0
"E5,41,4 action 1",True,0.0,0.0,1
"E5,41,4 action 2",True,0.0,0.0,2
"E5,41,4 action 3",True,0.0,0.0,3
"E5,41,4 action 4",True,0.0,0.0,4
"E5,41,4 action 5",True,0.0,0.0,5
"E5,41,4 action 6",True,0.0,0.0,6
"E5,41,4 action 7",True,0.0,0.0,7
"E1,111,0.75 tree",True,0.0,0.0,0
"E1,111,0.75 action 0",True,0.0,0.0,0
"E1,111,0.75 action 1",True,0.0,0.0,1
"E1,111,0.75 action 2",True,0.0,0.0,2
"E1,111,0.75 action 3",True,0.0,0.0,3
"E1,111,0.75 action 4",True,0.0,0.0,4
"E1,111,0.75 action 5",True,0.0,0.0,5
"E1,111,0.75 action 6",True,0.0,0.0,6
"E1,111,0.75 action 7",True,0.0,0.0,7
"E2,111,0.041:4 tree",True,0.0,0.0,0
"E2,111,0.041:4 action 0",True,0.0,0.0,0
"E2,111,0.041:4 action 1",True,0.0,0.0,1
"E2,111,0.041:4 action 2",True,0.0,0.0,2
"E2,111,0.041:4 action 3",True,0.0,0.0,3
"E2,111,0.041:4 action 4",True,0.0,0.0,4
"E2,111,0.041:4 action 5",True,0.0,0.0,5
"E2,111,0.041:4 action 6",True,0.0,0.0,6
"E2,111,0.041:4 action 7",True,0.0,0.0,7
"E3,111,10 tree",True,0.0,0.0,3
"E3,111,10 action 0",True,0.0,0.0,0
"E3,111,10 action 1",True,0.0,0.0,1
"E3,111,10 action 2",True,0.0,0.0,2
"E3,111,10 action 3",True,0.0,0.0,3
"E3,111,10 action 4",True,0.0,0.0,4
"E3,111,10 action 5",True,0.0,0.0,5
"E3,111,10 action 6",True,0.0,0.0,6
"E3,111,10 action 7",True,0.0,0.0,7
"E4,111,1.19 tree",True,2.1827872842550278e-11,0.0,0
"E4,111,1.19 action 0",True,2.1827872842550278e-11,0.0,0
"E4,111,1.19 action 1",True,2.1827872842550278e-11,0.0,1
"E4,111,1.19 action 2",True,2.1827872842550278e-11,0.0,2
"E4,111,1.19 action 3",True,2.1827872842550278e-11,0.0,3
"E4,111,1.19 action 4",True,4.3655745685100555e-11,0.0,4
"E4,111,1.19 action 5",True,2.1827872842550278e-11,0.0,5
"E4,111,1.19 action 6",True,2.1827872842550278e-11,0.0,6
"E4,111,1.19 action 7",True,2.1827872842550278e-11,0.0,7
"E5,111,4 tree",True,0.0,0.0,0
"E5,111,4 action 0",True,0.0,0.0,0
"E5,111,4 action 1",True,0.0,0.0,1
"E5,111,4 action 2",True,0.0,0.0,2
"E5,111,4 action 3",True,0.0,0.0,3
"E5,111,4 action 4",True,0.0,0.0,4
"E5,111,4 action 5",True,0.0,0.0,5
"E5,111,4 action 6",True,0.0,0.0,6
"E5,111,4 action 7",True,0.0,0.0,7
"E1,141,0.75 tree",True,0.0,0.0,0
"E1,141,0.75 action 0",True,0.0,0.0,0
"E1,141,0.75 action 1",True,0.0,0.0,1
"E1,141,0.75 action 2",True,0.0,0.0,2
"E1,141,0.75 action 3",True,0.0,0.0,3
"E1,141,0.75 action 4",True,0.0,0.0,4
"E1,141,0.75 action 5",True,0.0,0.0,5
"E1,141,0.75 action 6",True,0.0,0.0,6
"E1,141,0.75 action 7",True,0.0,0.0,7
"E2,141,0.041 tree",True,0.0,0.0,0
"E2,141,0.041 action 0",True,0.0,0.0,0
"E2,141,0.041 action 1",True,0.0,0.0,1
"E2,141,0.041 action 2",True,0.0,0.0,2
"E2,141,0.041 action 3",True,0.0,0.0,3
"E2,141,0.041 action 4",True,0.0,0.0,4
"E2,141,0.041 action 5",True,0.0,0.0,5
"E2,141,0.041 action 6",True,0.0,0.0,6
"E2,141,0.041 action 7",True,0.0,0.0,7
"E3,141,10 tree",True,0.0,0.0,2
"E3,141,10 action 0",True,0.0,0.0,0
"E3,141,10 action 1",True,0.0,0.0,1
"E3,141,10 action 2",True,0.0,0.0,2
"E3,141,10 action 3",True,0.0,0.0,3
"E3,141,10 action 4",True,0.0,0.0,4
"E3,141,10 action 5",True,0.0,0.0,5
"E3,141,10 action 6",True,0.0,0.0,6
"E3,141,10 action 7",True,0.0,0.0,7
"E4,141,1.19 tree",True,1.4551915228366852e-11,0.0,0
"E4,141,1.19 action 0",True,1.4551915228366852e-11,0.0,0
"E4,141,1.19 action 1",True,1.4551915228366852e-11,0.0,1
"E4,141,1.19 action 2",True,1.4551915228366852e-11,0.0,2
"E4,141,1.19 action 3",True,1.4551915228366852e-11,0.0,3
"E4,141,1.19 action 4",True,2.1827872842550278e-11,0.0,4
"E4,141,1.19 action 5",True,1.4551915228366852e-11,0.0,5
"E4,141,1.19 action 6",True,1.4551915228366852e-11,0.0,6
"E4,141,1.19 action 7",True,1.4551915228366852e-11,0.0,7
"E5,141,4 tree",True,0.0,0.0,0
"E5,141,4 action 0",True,0.0,0.0,0
"E5,141,4 action 1",True,0.0,0.0,1
"E5,141,4 action 2",True,0.0,0.0,2
"E5,141,4 action 3",True,0.0,0.0,3
"E5,141,4 action 4",True,0.0,0.0,4
"E5,141,4 action 5",True,0.0,0.0,5
"E5,141,4 action 6",True,0.0,0.0,6
"E5,141,4 action 7",True,0.0,0.0,7
"E1,21,0.75 tree",True,0.0,0.0,2
"E1,21,0.75 action 0",True,0.0,0.0,0
"E1,21,0.75 action 1",True,0.0,0.0,1
"E1,21,0.75 action 2",True,0.0,0.0,2
"E1,21,0.75 action 3",True,0.0,0.0,3
"E1,21,0.75 action 4",True,0.0,0.0,4
"E1,21,0.75 action 5",True,0.0,0.0,5
"E1,21,0.75 action 6",True,0.0,0.0,6
"E1,21,0.75 action 7",True,0.0,0.0,7
"E2,21,0.041 tree",True,0.0,0.0,2
"E2,21,0.041 action 0",True,0.0,0.0,0
"E2,21,0.041 action 1",True,0.0,0.0,1
"E2,21,0.041 action 2",True,0.0,0.0,2
"E2,21,0.041 action 3",True,0.0,0.0,3
"E2,21,0.041 action 4",True,0.0,0.0,4
"E2,21,0.041 action 5",True,0.0,0.0,5
"E2,21,0.041 action 6",True,0.0,0.0,6
"E2,21,0.041 action 7",True,0.0,0.0,7
"E3,21,10 tree",True,0.0,0.0,3
"E3,21,10 action 0",True,0.0,0.0,0
"E3,21,10 action 1",True,0.0,0.0,1
"E3,21,10 action 2",True,0.0,0.0,2
"E3,21,10 action 3",True,0.0,0.0,3
"E3,21,10 action 4",True,0.0,0.0,4
"E3,21,10 action 5",True,0.0,0.0,5
"E3,21,10 action 6",True,0.0,0.0,6
"E3,21,10 action 7",True,0.0,0.0,7
"E4,21,1.19 tree",True,3.637978807091713e-11,0.0,2
"E4,21,1.19 action 0",True,3.637978807091713e-11,0.0,0
"E4,21,1.19 action 1",True,3.637978807091713e-11,0.0,1
"E4,21,1.19 action 2",True,3.637978807091713e-11,0.0,2
"E4,21,1.19 action 3",True,3.637978807091713e-11,0.0,3
"E4,21,1.19 action 4",True,4.3655745685100555e-11,0.0,4
"E4,21,1.19 action 5",True,3.637978807091713e-11,0.0,5
"E4,21,1.19 action 6",True,3.637978807091713e-11,0.0,6
"E4,21,1.19 action 7",True,3.637978807091713e-11,0.0,7
"E5,21,4 tree",True,0.0,0.0,2
"E5,21,4 action 0",True,0.0,0.0,0
"E5,21,4 action 1",True,0.0,0.0,1
"E5,21,4 action 2",True,0.0,0.0,2
"E5,21,4 action 3",True,0.0,0.0,3
"E5,21,4 action 4",True,0.0,0.0,4
"E5,21,4 action 5",True,0.0,0.0,5
"E5,21,4 action 6",True,0.0,0.0,6
"E5,21,4 action 7",True,0.0,0.0,7
"E1,24,0.75 tree",True,0.0,0.0,2
"E1,24,0.75 action 0",True,0.0,0.0,0
"E1,24,0.75 action 1",True,0.0,0.0,1
"E1,24,0.75 action 2",True,0.0,0.0,2
"E1,24,0.75 action 3",True,0.0,0.0,3
"E1,24,0.75 action 4",True,0.0,0.0,4
"E1,24,0.75 action 5",True,0.0,0.0,5
"E1,24,0.75 action 6",True,0.0,0.0,6
"E1,24,0.75 action 7",True,0.0,0.0,7
"E2,24,0.041 tree",True,0.0,0.0,2
"E2,24,0.041 action 0",True,0.0,0.0,0
"E2,24,0.041 action 1",True,0.0,0.0,1
"E2,24,0.041 action 2",True,0.0,0.0,2
"E2,24,0.041 action 3",True,0.0,0.0,3
"E2,24,0.041 action 4",True,0.0,0.0,4
"E2,24,0.041 action 5",True,0.0,0.0,5
"E2,24,0.041 action 6",True,0.0,0.0,6
"E2,24,0.041 action 7",True,0.0,0.0,7
"E3,24,10 tree",True,0.0,0.0,2
"E3,24,10 action 0",True,0.0,0.0,0
"E3,24,10 action 1",True,0.0,0.0,1
"E3,24,10 action 2",True,0.0,0.0,2
"E3,24,10 action 3",True,0.0,0.0,3
"E3,24,10 action 4",True,0.0,0.0,4
"E3,24,10 action 5",True,0.0,0.0,5
"E3,24,10 action 6",True,0.0,0.0,6
"E3,24,10 action 7",True,0.0,0.0,7
"E4,24,1.19 tree",True,2.9103830456733704e-11,0.0,2
"E4,24,1.19 action 0",True,2.9103830456733704e-11,0.0,0
"E4,24,1.19 action 1",True,2.9103830456733704e-11,0.0,1
"E4,24,1.19 action 2",True,2.9103830456733704e-11,0.0,2
"E4,24,1.19 action 3",True,2.9103830456733704e-11,0.0,3
"E4,24,1.19 action 4",True,2.9103830456733704e-11,0.0,4
"E4,24,1.19 action 5",True,2.9103830456733704e-11,0.0,5
"E4,24,1.19 action 6",True,2.9103830456733704e-11,0.0,6
"E4,24,1.19 action 7",True,2.9103830456733704e-11,0.0,7
"E5,24,4 tree",True,0.0,0.0,2
"E5,24,4 action 0",True,0.0,0.0,0
"E5,24,4 action 1",True,0.0,0.0,1
"E5,24,4 action 2",True,0.0,0.0,2
"E5,24,4 action 3",True,0.0,0.0,3
"E5,24,4 action 4",True,0.0,0.0,4
"E5,24,4 action 5",True,0.0,0.0,5
"E5,24,4 action 6",True,0.0,0.0,6
"E5,24,4 action 7",True,0.0,0.0,7
